English Text,Current Japanese Text,Text Length,Priority,Category
サポートを頼む Developer resources 1-415-909-4660 Show logged in users 稼働時間情報 English 日本語,,82,High,UI Labels
サポートを頼む Developer resources 1-415-909-4660,,42,High,UI Labels
Two-Factor Authentication (2FA),Show logged in users 稼働時間情報,31,High,UI Labels
Show logged in users 稼働時間情報,,27,High,UI Labels
Developer resources,,19,Medium,Menu Items
Current Password,,16,Medium,Menu Items
Confirm Password,,16,Medium,Menu Items
Change Password,English 日本語,15,Medium,Menu Items
Funnel Reports,Funnel Reports,14,Medium,Menu Items
512 x 512 px.,サポートを頼む Developer resources 1-415-909-4660,13,Medium,Menu Items
New Password,,12,Medium,Menu Items
Department,pngjpeg,10,Low,Buttons
Learn more,Show logged in users,10,Low,Buttons
Role Role,512 x 512 px.,9,Low,Buttons
"png, jpeg",サポートを頼む Developer resources 1-415-909-4660 Show logged in users 稼働時間情報 English 日本語,9,Low,Buttons
